{
  "properties": {
    "connectionReferences": {
      "shared_sharepointonline_1": {
        "runtimeSource": "embedded",
        "connection": {
          "connectionReferenceLogicalName": "sn_ConnectionSharePoint"
        },
        "api": {
          "name": "shared_sharepointonline"
        }
      }
    },
    "definition": {
      "$schema": "https://schema.management.azure.com/providers/Microsoft.Logic/schemas/2016-06-01/workflowdefinition.json#",
      "contentVersion": "1.0.0.0",
      "parameters": {
        "$authentication": {
          "defaultValue": {},
          "type": "SecureObject"
        },
        "$connections": {
          "defaultValue": {},
          "type": "Object"
        },
        "Project Management Site (sn_ProjectManagementSite)": {
          "defaultValue": "https://fe27.sharepoint.com",
          "type": "String",
          "metadata": {
            "schemaName": "sn_ProjectManagementSite"
          }
        }
      },
      "triggers": {
        "Recurrence": {
          "recurrence": {
            "frequency": "Day",
            "interval": 1,
            "startTime": "2024-03-18T04:30:00Z"
          },
          "metadata": {
            "operationMetadataId": "b2d9efe5-1a9d-4987-aa30-4e279b0f9127"
          },
          "type": "Recurrence"
        }
      },
      "actions": {
        "varDeleteFileAfter24hours": {
          "runAfter": {},
          "metadata": {
            "operationMetadataId": "6520b8db-cedb-4d20-a488-5ce025bca6a2"
          },
          "type": "Compose",
          "inputs": "Created le '@{utcNow()}'"
        },
        "Get_files_(properties_only)": {
          "runAfter": {
            "varDeleteFileAfter24hours": [
              "Succeeded"
            ]
          },
          "metadata": {
            "operationMetadataId": "916708af-75b9-4cb2-9bbd-b67f0f91025b"
          },
          "type": "OpenApiConnection",
          "inputs": {
            "parameters": {
              "dataset": "@parameters('Project Management Site (sn_ProjectManagementSite)')",
              "table": "4dcae690-80f2-4121-9105-b63dc324beb3",
              "$filter": "@outputs('varDeleteFileAfter24hours')",
              "folderPath": "/Shared Documents",
              "viewScopeOption": "RecursiveAll"
            },
            "host": {
              "apiId": "/providers/Microsoft.PowerApps/apis/shared_sharepointonline",
              "operationId": "GetFileItems",
              "connectionName": "shared_sharepointonline_1"
            }
          }
        },
        "Apply_to_each": {
          "foreach": "@outputs('Get_files_(properties_only)')?['body/value']",
          "actions": {
            "Delete_file": {
              "metadata": {
                "operationMetadataId": "d6e4a219-cf68-469c-9bd8-8fa88172caf9"
              },
              "type": "OpenApiConnection",
              "inputs": {
                "parameters": {
                  "dataset": "@parameters('Project Management Site (sn_ProjectManagementSite)')",
                  "id": "@items('Apply_to_each')?['{Identifier}']"
                },
                "host": {
                  "apiId": "/providers/Microsoft.PowerApps/apis/shared_sharepointonline",
                  "operationId": "DeleteFile",
                  "connectionName": "shared_sharepointonline_1"
                }
              }
            }
          },
          "runAfter": {
            "Get_files_(properties_only)": [
              "Succeeded"
            ]
          },
          "metadata": {
            "operationMetadataId": "33f1b010-3b6b-4359-8f1f-e370d2a64cfc"
          },
          "type": "Foreach"
        }
      }
    },
    "templateName": null
  },
  "schemaVersion": "1.0.0.0"
}