{
  "properties": {
    "connectionReferences": {
      "shared_sharepointonline_1": {
        "runtimeSource": "invoker",
        "connection": {
          "connectionReferenceLogicalName": "sn_ConnectionSharePoint"
        },
        "api": {
          "name": "shared_sharepointonline"
        }
      },
      "shared_office365": {
        "runtimeSource": "invoker",
        "connection": {
          "connectionReferenceLogicalName": "sn_ConnectionOffice365Outlook"
        },
        "api": {
          "name": "shared_office365"
        }
      }
    },
    "definition": {
      "$schema": "https://schema.management.azure.com/providers/Microsoft.Logic/schemas/2016-06-01/workflowdefinition.json#",
      "contentVersion": "1.0.0.0",
      "parameters": {
        "$connections": {
          "defaultValue": {},
          "type": "Object"
        },
        "$authentication": {
          "defaultValue": {},
          "type": "SecureObject"
        },
        "Project Management Site (sn_ProjectManagementSite)": {
          "defaultValue": "https://fe27.sharepoint.com",
          "type": "String",
          "metadata": {
            "schemaName": "sn_ProjectManagementSite"
          }
        }
      },
      "triggers": {
        "manual": {
          "metadata": {
            "operationMetadataId": "b97d864d-30cd-445a-915d-94b25f108631"
          },
          "type": "Request",
          "kind": "PowerAppV2",
          "inputs": {
            "schema": {
              "type": "object",
              "properties": {
                "text": {
                  "title": "Content",
                  "type": "string",
                  "x-ms-dynamically-added": true,
                  "description": "Please enter your input",
                  "x-ms-content-hint": "TEXT"
                },
                "text_2": {
                  "title": "User email",
                  "type": "string",
                  "x-ms-dynamically-added": true,
                  "description": "Please enter your input",
                  "x-ms-content-hint": "TEXT"
                }
              },
              "required": [
                "text",
                "text_2"
              ]
            }
          }
        }
      },
      "actions": {
        "Terminate": {
          "runAfter": {
            "Respond_to_a_PowerApp_or_flow": [
              "Succeeded"
            ]
          },
          "metadata": {
            "operationMetadataId": "7120bd88-818e-4936-be06-75e25b49aee8"
          },
          "type": "Terminate",
          "inputs": {
            "runStatus": "Succeeded"
          }
        },
        "Blank_line": {
          "runAfter": {
            "varUserEmailAddress": [
              "Succeeded"
            ]
          },
          "metadata": {
            "operationMetadataId": "e9c777b5-0032-4898-bd4b-fc6a500bb8ab"
          },
          "type": "Compose",
          "inputs": "\n"
        },
        "varJSONContent": {
          "runAfter": {},
          "metadata": {
            "operationMetadataId": "28b456ea-6c7c-4be8-9d42-ad1ba06d049d"
          },
          "type": "InitializeVariable",
          "inputs": {
            "variables": [
              {
                "name": "varJSONContent",
                "type": "string",
                "value": "@triggerBody()['text']"
              }
            ]
          }
        },
        "varUserEmailAddress": {
          "runAfter": {
            "varJSONContent": [
              "Succeeded"
            ]
          },
          "metadata": {
            "operationMetadataId": "aa0719b8-7cdc-485a-ab40-0889c1d91941"
          },
          "type": "InitializeVariable",
          "inputs": {
            "variables": [
              {
                "name": "varUserEmailAddress",
                "type": "string",
                "value": "@triggerBody()['text_2']"
              }
            ]
          }
        },
        "Create_HTML_table": {
          "runAfter": {
            "Blank_line": [
              "Succeeded"
            ]
          },
          "metadata": {
            "operationMetadataId": "bf11d0e9-44b2-4dcd-ae26-c174ae04b7aa"
          },
          "type": "Table",
          "inputs": {
            "from": "@json(variables('varJSONContent'))",
            "format": "HTML",
            "columns": [
              {
                "header": "Active",
                "value": "@item()?['sn_active']"
              },
              {
                "header": "Client Code",
                "value": "@item()?['sn_clientcode']"
              },
              {
                "header": "Client Name",
                "value": "@item()?['sn_clientname']"
              },
              {
                "header": "Client Type",
                "value": "@item()?['ClientTypeValue']"
              },
              {
                "header": "Industry",
                "value": "@item()?['IndustryValue']"
              },
              {
                "header": "Company Size",
                "value": "@item()?['CompanySizeValue']"
              },
              {
                "header": "Sales Manager",
                "value": "@item()?['SalesManagerValue']"
              }
            ]
          },
          "description": "json(variables('varEmailData'))"
        },
        "Respond_to_a_PowerApp_or_flow": {
          "runAfter": {
            "Send_an_email": [
              "Succeeded"
            ]
          },
          "metadata": {
            "operationMetadataId": "97362bed-2372-41cf-a998-47f42dade64a"
          },
          "type": "Response",
          "kind": "PowerApp",
          "inputs": {
            "statusCode": 200,
            "body": {
              "excel_file_link": "@outputs('Create_sharing_link_for_a_file_or_folder')?['body/link/webUrl']"
            },
            "schema": {
              "type": "object",
              "properties": {
                "excel_file_link": {
                  "title": "Excel File Link",
                  "x-ms-dynamically-added": true,
                  "type": "string"
                }
              }
            }
          }
        },
        "Create_CSV_file": {
          "runAfter": {
            "Create_CSV_table": [
              "Succeeded"
            ]
          },
          "metadata": {
            "operationMetadataId": "01c3fc4e-e770-43ac-9df5-90b291a9fe9d"
          },
          "type": "OpenApiConnection",
          "inputs": {
            "host": {
              "connectionName": "shared_sharepointonline_1",
              "operationId": "CreateFile",
              "apiId": "/providers/Microsoft.PowerApps/apis/shared_sharepointonline"
            },
            "parameters": {
              "dataset": "@parameters('Project Management Site (sn_ProjectManagementSite)')",
              "folderPath": "/Shared Documents",
              "name": "@{utcNow()}.csv",
              "body": "@body('Create_CSV_table')"
            },
            "authentication": "@parameters('$authentication')"
          },
          "runtimeConfiguration": {
            "contentTransfer": {
              "transferMode": "Chunked"
            }
          }
        },
        "Create_CSV_table": {
          "runAfter": {
            "Create_HTML_table": [
              "Succeeded"
            ]
          },
          "metadata": {
            "operationMetadataId": "bbbfc00a-63f4-4506-9ebb-37d2a32806d9"
          },
          "type": "Table",
          "inputs": {
            "from": "@json(variables('varJSONContent'))",
            "format": "CSV",
            "columns": [
              {
                "header": "Active",
                "value": "@item()?['sn_active']"
              },
              {
                "header": "Client Code",
                "value": "@item()?['sn_clientcode']"
              },
              {
                "header": "Client Name",
                "value": "@item()?['sn_clientname']"
              },
              {
                "header": "Client Type",
                "value": "@item()?['ClientTypeValue']"
              },
              {
                "header": "Industry",
                "value": "@item()?['IndustryValue']"
              },
              {
                "header": "Company Size",
                "value": "@item()?['CompanySizeValue']"
              },
              {
                "header": "Sales Manager",
                "value": "@item()?['SalesManagerValue']"
              },
              {
                "header": "First Intro / Kickoff Date",
                "value": "@item()?['sn_firstintrodate']"
              },
              {
                "header": "Website",
                "value": "@item()?['sn_website']"
              }
            ]
          }
        },
        "Get_file_content_using_path": {
          "runAfter": {
            "Create_CSV_file": [
              "Succeeded"
            ]
          },
          "metadata": {
            "operationMetadataId": "411ab91c-54ff-47b3-af42-683312bb2e8a"
          },
          "type": "OpenApiConnection",
          "inputs": {
            "host": {
              "connectionName": "shared_sharepointonline_1",
              "operationId": "GetFileContentByPath",
              "apiId": "/providers/Microsoft.PowerApps/apis/shared_sharepointonline"
            },
            "parameters": {
              "dataset": "@parameters('Project Management Site (sn_ProjectManagementSite)')",
              "path": "@outputs('Create_CSV_file')?['body/Path']",
              "inferContentType": true
            },
            "authentication": "@parameters('$authentication')"
          }
        },
        "Split_by_line": {
          "runAfter": {
            "Get_file_content_using_path": [
              "Succeeded"
            ]
          },
          "metadata": {
            "operationMetadataId": "506ec85f-6f98-4a53-ab55-69a943e0ca3a"
          },
          "type": "Compose",
          "inputs": "@split(body('Create_CSV_table'),outputs('Blank_line'))\r\n"
        },
        "File_metadata": {
          "runAfter": {
            "Split_by_line": [
              "Succeeded"
            ]
          },
          "metadata": {
            "operationMetadataId": "a9936b26-1618-4234-974a-045f7bff9925"
          },
          "type": "Compose",
          "inputs": "@body('Get_file_content_using_path')"
        },
        "Create_excel_file": {
          "runAfter": {
            "File_metadata": [
              "Succeeded"
            ]
          },
          "metadata": {
            "operationMetadataId": "1d340096-1b24-4458-bbf8-ccc36e8c7270"
          },
          "type": "OpenApiConnection",
          "inputs": {
            "host": {
              "connectionName": "shared_sharepointonline_1",
              "operationId": "CreateFile",
              "apiId": "/providers/Microsoft.PowerApps/apis/shared_sharepointonline"
            },
            "parameters": {
              "dataset": "@parameters('Project Management Site (sn_ProjectManagementSite)')",
              "folderPath": "/Shared Documents",
              "name": "Clients-@{utcNow()}.xls",
              "body": "@outputs('File_metadata')"
            },
            "authentication": "@parameters('$authentication')"
          },
          "runtimeConfiguration": {
            "contentTransfer": {
              "transferMode": "Chunked"
            }
          }
        },
        "Create_sharing_link_for_a_file_or_folder": {
          "runAfter": {
            "Create_excel_file": [
              "Succeeded"
            ]
          },
          "metadata": {
            "operationMetadataId": "d674d7cf-e74e-4c5c-8346-d1160f6b94fa"
          },
          "type": "OpenApiConnection",
          "inputs": {
            "host": {
              "connectionName": "shared_sharepointonline_1",
              "operationId": "CreateSharingLink",
              "apiId": "/providers/Microsoft.PowerApps/apis/shared_sharepointonline"
            },
            "parameters": {
              "dataset": "@parameters('Project Management Site (sn_ProjectManagementSite)')",
              "table": "4dcae690-80f2-4121-9105-b63dc324beb3",
              "id": "@outputs('Create_excel_file')?['body/ItemId']",
              "permission/type": "edit",
              "permission/scope": "organization"
            },
            "authentication": "@parameters('$authentication')"
          }
        },
        "Send_an_email": {
          "runAfter": {
            "Create_sharing_link_for_a_file_or_folder": [
              "Succeeded"
            ]
          },
          "metadata": {
            "operationMetadataId": "ec91076f-3ae9-41ae-9045-d66ebeeac3e6"
          },
          "type": "OpenApiConnection",
          "inputs": {
            "host": {
              "connectionName": "shared_office365",
              "operationId": "SendEmailV2",
              "apiId": "/providers/Microsoft.PowerApps/apis/shared_office365"
            },
            "parameters": {
              "emailMessage/To": "@variables('varUserEmailAddress')",
              "emailMessage/Subject": "Client Information",
              "emailMessage/Body": "<style>\ntable {\n  font-family: Arial, Helvetica, sans-serif;\n  border-collapse: collapse;\n  width: 100%;\n}\n\ntable td, table th {\n  border: 1px solid #ddd;\n  padding: 8px;\n}\ntable tr:nth-child(even){background-color: #f2f2f2;}\n\ntable tr:hover {background-color: #ddd;}\n\ntable th {\n  padding-top: 12px;\n  padding-bottom: 12px;\n  text-align: left;\n  background-color: #04AA6D;\n  color: white;\n}\n.note {\ncolor:red\n}\n</style>\n\nHi,\n<br>\n<br>\nClient information sheet generated by Project protal. Click <a href='@{outputs('Create_sharing_link_for_a_file_or_folder')?['body/link/webUrl']}'>here</a> to view full data.\n<br>\n<p class='note'>\nImportant: Please save the Excel file to your local system. It will be automatically deleted after 24 hour. Ensure you have a backup copy saved locally to avoid any data loss.\n</p>\n<br>\nBelow is the short summary of the data\n<br>\n@{body('Create_HTML_table')}</p>\n<br>\n<br>\n\nThanks,\nAdmin",
              "emailMessage/Importance": "Normal"
            },
            "authentication": "@parameters('$authentication')"
          }
        }
      }
    },
    "templateName": ""
  },
  "schemaVersion": "1.0.0.0"
}